{"mean_x": 0.6328076059336764, "stddev_x": 0.43826698018955695, "mean_y": 0.4817028553085288, "stddev_y": 0.2725190002192844}